Datetime,Water Level (m)
2025-05-07 00:00:00,-0.4219676
2025-05-07 01:00:00,-0.28159901
2025-05-07 02:00:00,-0.0132259745
2025-05-07 03:00:00,0.13549583
2025-05-07 04:00:00,0.23694396
2025-05-07 05:00:00,0.30949757
2025-05-07 06:00:00,0.31265637
2025-05-07 07:00:00,0.22102942
2025-05-07 08:00:00,0.089018896
2025-05-07 09:00:00,-0.023606848
2025-05-07 10:00:00,-0.11714305
2025-05-07 11:00:00,-0.1948658
2025-05-07 12:00:00,-0.21573572
2025-05-07 13:00:00,-0.06772637
2025-05-07 14:00:00,0.19550546
2025-05-07 15:00:00,0.32681045
2025-05-07 16:00:00,0.4076377
2025-05-07 17:00:00,0.46267113
2025-05-07 18:00:00,0.45742914
2025-05-07 19:00:00,0.3308901
2025-05-07 20:00:00,0.16158067
2025-05-07 21:00:00,0.01853587
2025-05-07 22:00:00,-0.10376783
2025-05-07 23:00:00,-0.22519137
2025-05-08 00:00:00,-0.33242518
2025-05-08 01:00:00,-0.39023486
2025-05-08 02:00:00,-0.20339508
2025-05-08 03:00:00,0.07914459
2025-05-08 04:00:00,0.23086454
2025-05-08 05:00:00,0.3436518
2025-05-08 06:00:00,0.4293097
2025-05-08 07:00:00,0.42842305
2025-05-08 08:00:00,0.30901492
2025-05-08 09:00:00,0.16076447
2025-05-08 10:00:00,0.044206668
2025-05-08 11:00:00,-0.061204985
2025-05-08 12:00:00,-0.16110207
2025-05-08 13:00:00,-0.21913968
2025-05-08 14:00:00,-0.08246107
2025-05-08 15:00:00,0.21729663
2025-05-08 16:00:00,0.35594845
2025-05-08 17:00:00,0.4432935
2025-05-08 18:00:00,0.49544588
2025-05-08 19:00:00,0.45432153
2025-05-08 20:00:00,0.27703148
2025-05-08 21:00:00,0.101150885
2025-05-08 22:00:00,-0.04224208
2025-05-08 23:00:00,-0.1704736
2025-05-09 00:00:00,-0.29041293
2025-05-09 01:00:00,-0.3796426
2025-05-09 02:00:00,-0.35394073
2025-05-09 03:00:00,-0.03722478
2025-05-09 04:00:00,0.18637007
2025-05-09 05:00:00,0.3428971
2025-05-09 06:00:00,0.47105747
2025-05-09 07:00:00,0.5472056
2025-05-09 08:00:00,0.5116217
2025-05-09 09:00:00,0.35233825
2025-05-09 10:00:00,0.19622596
2025-05-09 11:00:00,0.07010951
2025-05-09 12:00:00,-0.055757534
2025-05-09 13:00:00,-0.1710076
2025-05-09 14:00:00,-0.2268055
2025-05-09 15:00:00,-0.0071048937
2025-05-09 16:00:00,0.26925084
2025-05-09 17:00:00,0.41006732
2025-05-09 18:00:00,0.5093136
2025-05-09 19:00:00,0.5585586
2025-05-09 20:00:00,0.48211205
2025-05-09 21:00:00,0.27805907
2025-05-09 22:00:00,0.101328984
2025-05-09 23:00:00,-0.03364327
2025-05-10 00:00:00,-0.16301087
2025-05-10 01:00:00,-0.28372127
2025-05-10 02:00:00,-0.3609739
2025-05-10 03:00:00,-0.21367486
2025-05-10 04:00:00,0.16788754
2025-05-10 05:00:00,0.38461617
2025-05-10 06:00:00,0.535748
2025-05-10 07:00:00,0.64753026
2025-05-10 08:00:00,0.6789354
2025-05-10 09:00:00,0.5640637
2025-05-10 10:00:00,0.3736034
2025-05-10 11:00:00,0.22279616
2025-05-10 12:00:00,0.08416235
2025-05-10 13:00:00,-0.060426548
2025-05-10 14:00:00,-0.1835089
2025-05-10 15:00:00,-0.20306791
2025-05-10 16:00:00,0.1505488
2025-05-10 17:00:00,0.40815145
2025-05-10 18:00:00,0.5579907
2025-05-10 19:00:00,0.63766664
2025-05-10 20:00:00,0.63233143
2025-05-10 21:00:00,0.4706373
2025-05-10 22:00:00,0.26744038
2025-05-10 23:00:00,0.10683495
2025-05-11 00:00:00,-0.036888566
2025-05-11 01:00:00,-0.17777787
2025-05-11 02:00:00,-0.29904988
2025-05-11 03:00:00,-0.33229065
2025-05-11 04:00:00,0.02926359
2025-05-11 05:00:00,0.35699704
2025-05-11 06:00:00,0.56877464
2025-05-11 07:00:00,0.71714175
2025-05-11 08:00:00,0.8133033
2025-05-11 09:00:00,0.76988065
2025-05-11 10:00:00,0.569487
2025-05-11 11:00:00,0.38428286
2025-05-11 12:00:00,0.22536533
2025-05-11 13:00:00,0.05611523
2025-05-11 14:00:00,-0.10106841
2025-05-11 15:00:00,-0.20993283
2025-05-11 16:00:00,-0.08135155
2025-05-11 17:00:00,0.3024623
2025-05-11 18:00:00,0.49934688
2025-05-11 19:00:00,0.61047786
2025-05-11 20:00:00,0.6519493
2025-05-11 21:00:00,0.5603354
2025-05-11 22:00:00,0.34664017
2025-05-11 23:00:00,0.17898825
2025-05-12 00:00:00,0.034291424
2025-05-12 01:00:00,-0.10952749
2025-05-12 02:00:00,-0.23527238
2025-05-12 03:00:00,-0.3259883
2025-05-12 04:00:00,-0.13921872
2025-05-12 05:00:00,0.29756162
2025-05-12 06:00:00,0.54996586
2025-05-12 07:00:00,0.73837376
2025-05-12 08:00:00,0.87305677
2025-05-12 09:00:00,0.9024552
2025-05-12 10:00:00,0.7594309
2025-05-12 11:00:00,0.54737705
2025-05-12 12:00:00,0.38386112
2025-05-12 13:00:00,0.2145037
2025-05-12 14:00:00,0.032705285
2025-05-12 15:00:00,-0.10914645
2025-05-12 16:00:00,-0.17715296
2025-05-12 17:00:00,0.080873586
2025-05-12 18:00:00,0.43380165
2025-05-12 19:00:00,0.6131876
2025-05-12 20:00:00,0.70183015
2025-05-12 21:00:00,0.69495684
2025-05-12 22:00:00,0.5004721
2025-05-12 23:00:00,0.29246876
2025-05-13 00:00:00,0.14258346
